{
    "grid": {
        "cols": 15,
        "rows": 15,
        "border": true,
        "background": true,
        "line_color": [
            0.0,
            0.0,
            0.0,
            0.0
        ],
        "size": [
            349.23077392578125,
            349.23077392578125
        ],
        "click": true,
        "fit_screen": true
    },
    "debug": true,
    "dies": {
        "num": 1,
        "poses": [
            [
                -22.0,
                -24.0
            ]
        ],
        "color": [
            1,
            1,
            1,
            1
        ],
        "auto_size": false,
        "size": [
            45.00759878419453,
            45.00759878419453
        ],
        "rotation": 0,
        "draggable": true
    },
    "pieces": {
        "blue_piece_trans.png": {
            "num": 0,
            "poses": [
                [
                    -89.97913350856055,
                    -78.4871805826823
                ],
                [
                    -159.82528829371674,
                    -78.4871805826823
                ],
                [
                    -89.97913350856055,
                    -148.33333536783854
                ],
                [
                    -159.82528829371674,
                    -148.33333536783854
                ]
            ],
            "auto_size": false,
            "size": [
                40.26595744680852,
                40.26595744680852
            ],
            "rotation": 0,
            "color": [
                1,
                1,
                1,
                1
            ],
            "cells": [
                [
                    4,
                    4
                ],
                [
                    1,
                    4
                ],
                [
                    4,
                    1
                ],
                [
                    1,
                    1
                ]
            ],
            "player": "",
            "draggable": false
        },
        "green_piece_trans.png": {
            "num": 0,
            "poses": [
                [
                    49.713176061751994,
                    61.205128987630246
                ],
                [
                    119.55933084690832,
                    61.205128987630246
                ],
                [
                    49.713176061751994,
                    131.05128377278646
                ],
                [
                    119.55933084690832,
                    131.05128377278646
                ]
            ],
            "auto_size": false,
            "size": [
                40.26595744680852,
                40.26595744680852
            ],
            "rotation": 0,
            "color": [
                1,
                1,
                1,
                1
            ],
            "cells": [
                [
                    10,
                    10
                ],
                [
                    13,
                    10
                ],
                [
                    10,
                    13
                ],
                [
                    13,
                    13
                ]
            ],
            "player": "",
            "draggable": false
        },
        "red_piece_trans.png": {
            "num": 4,
            "poses": [
                [
                    -90.12730980035383,
                    61.205128987630246
                ],
                [
                    -90.12730980035383,
                    131.05128377278646
                ],
                [
                    -159.97346458551004,
                    61.205128987630246
                ],
                [
                    -159.97346458551004,
                    131.05128377278646
                ]
            ],
            "auto_size": false,
            "size": [
                40.56231003039514,
                40.56231003039514
            ],
            "rotation": 0,
            "color": [
                1,
                1,
                1,
                1
            ],
            "cells": [
                [
                    4,
                    10
                ],
                [
                    4,
                    13
                ],
                [
                    1,
                    10
                ],
                [
                    1,
                    13
                ]
            ],
            "player": "Player 3",
            "draggable": false
        },
        "yellow_piece_trans.png": {
            "num": 4,
            "poses": [
                [
                    119.41115455511499,
                    -148.33333536783854
                ],
                [
                    49.56499976995872,
                    -148.33333536783854
                ],
                [
                    119.41115455511499,
                    -78.4871805826823
                ],
                [
                    49.56499976995872,
                    -78.4871805826823
                ]
            ],
            "auto_size": false,
            "size": [
                40.56231003039514,
                40.56231003039514
            ],
            "rotation": 0,
            "color": [
                1,
                1,
                1,
                1
            ],
            "cells": [
                [
                    13,
                    1
                ],
                [
                    10,
                    1
                ],
                [
                    13,
                    4
                ],
                [
                    10,
                    4
                ]
            ],
            "player": "Player 1",
            "draggable": false
        }
    }
}