{
    "grid": {
        "cols": 5,
        "rows": 5,
        "border": true,
        "background": false,
        "line_color": [
            255.0,
            255.0,
            255.0,
            255.0
        ],
        "size": [
            355.4136212624585,
            355.4136212624585
        ],
        "click": true,
        "fit_screen": true
    },
    "debug": true,
    "dies": {
        "num": 0,
        "poses": [],
        "color": [
            1,
            1,
            1,
            1
        ],
        "auto_size": true,
        "size": [
            50,
            50
        ],
        "rotation": 0,
        "draggable": true
    },
    "pieces": {
        "black.png": {
            "num": 12,
            "poses": [
                [
                    38.54136352539058,
                    38.54136352539058
                ],
                [
                    108.12409057617197,
                    38.54136352539058
                ],
                [
                    -103.62409057617191,
                    -32.541363525390636
                ],
                [
                    -174.70681762695312,
                    -32.541363525390636
                ],
                [
                    -32.541363525390636,
                    38.54136352539058
                ],
                [
                    -103.62409057617191,
                    38.54136352539058
                ],
                [
                    -174.70681762695312,
                    38.54136352539058
                ],
                [
                    -174.70681762695312,
                    109.62409057617185
                ],
                [
                    -103.62409057617191,
                    109.62409057617185
                ],
                [
                    -32.541363525390636,
                    109.62409057617185
                ],
                [
                    38.54136352539058,
                    109.62409057617185
                ],
                [
                    108.12409057617197,
                    109.62409057617185
                ]
            ],
            "auto_size": true,
            "size": [
                80.0,
                80.0
            ],
            "rotation": 0,
            "color": [
                1,
                1,
                1,
                1
            ],
            "cells": [
                [
                    3,
                    3
                ],
                [
                    4,
                    3
                ],
                [
                    1,
                    2
                ],
                [
                    0,
                    2
                ],
                [
                    2,
                    3
                ],
                [
                    1,
                    3
                ],
                [
                    0,
                    3
                ],
                [
                    0,
                    4
                ],
                [
                    1,
                    4
                ],
                [
                    2,
                    4
                ],
                [
                    3,
                    4
                ],
                [
                    4,
                    4
                ]
            ],
            "player": "Player 2",
            "draggable": false
        },
        "white.png": {
            "num": 12,
            "poses": [
                [
                    38.54136352539058,
                    -174.70681762695312
                ],
                [
                    38.54136352539058,
                    -32.541363525390636
                ],
                [
                    108.12409057617197,
                    -32.541363525390636
                ],
                [
                    38.54136352539058,
                    -103.62409057617188
                ],
                [
                    -32.541363525390636,
                    -103.62409057617188
                ],
                [
                    -103.62409057617191,
                    -103.62409057617188
                ],
                [
                    -174.70681762695312,
                    -103.62409057617188
                ],
                [
                    108.12409057617197,
                    -174.70681762695312
                ],
                [
                    -174.70681762695312,
                    -174.70681762695312
                ],
                [
                    -103.62409057617191,
                    -174.70681762695312
                ],
                [
                    -32.541363525390636,
                    -174.70681762695312
                ],
                [
                    108.12409057617197,
                    -103.62409057617188
                ]
            ],
            "auto_size": true,
            "size": [
                80.0,
                80.0
            ],
            "rotation": 0,
            "color": [
                1,
                1,
                1,
                1
            ],
            "cells": [
                [
                    3,
                    0
                ],
                [
                    3,
                    2
                ],
                [
                    4,
                    2
                ],
                [
                    3,
                    1
                ],
                [
                    2,
                    1
                ],
                [
                    1,
                    1
                ],
                [
                    0,
                    1
                ],
                [
                    4,
                    0
                ],
                [
                    0,
                    0
                ],
                [
                    1,
                    0
                ],
                [
                    2,
                    0
                ],
                [
                    4,
                    1
                ]
            ],
            "player": "Player 1",
            "draggable": false
        }
    }
}