{
    "grid": {
        "cols": 5,
        "rows": 5,
        "border": true,
        "background": false,
        "line_color": [
            255.0,
            255.0,
            255.0,
            255.0
        ],
        "size": [
            350.0,
            350.0
        ]
    },
    "dies": [
        0,
        []
    ],
    "pieces": {
        "black.png": {
            "num": 12,
            "poses": [
                [
                    36.71551513671875,
                    43.654014587402344
                ],
                [
                    103.72734832763672,
                    43.32097625732422
                ],
                [
                    -98.12419891357422,
                    -27.28317642211914
                ],
                [
                    -174.6585235595703,
                    -27.492219924926758
                ],
                [
                    -32.292572021484375,
                    40.32378387451172
                ],
                [
                    -101.16490173339844,
                    40.19743728637695
                ],
                [
                    -171.28050231933594,
                    43.03290939331055
                ],
                [
                    -169.98345947265625,
                    109.32195281982422
                ],
                [
                    -99.69400787353516,
                    109.1746826171875
                ],
                [
                    -32.91538619995117,
                    107.10721588134766
                ],
                [
                    39.583480834960994,
                    112.592041015625
                ],
                [
                    101.38439178466797,
                    106.7176284790039
                ]
            ]
        },
        "blue.png": {
            "num": 0,
            "poses": []
        },
        "green.png": {
            "num": 0,
            "poses": []
        },
        "red.png": {
            "num": 0,
            "poses": []
        },
        "white.png": {
            "num": 12,
            "poses": [
                [
                    107.95173645019531,
                    -31.13707733154297
                ],
                [
                    37.017642974853516,
                    -28.612401962280273
                ],
                [
                    109.37822723388672,
                    -97.34606170654297
                ],
                [
                    40.10392761230469,
                    -99.21361541748047
                ],
                [
                    -31.70947265625,
                    -100.66329193115234
                ],
                [
                    -101.36189270019531,
                    -101.09788513183594
                ],
                [
                    -174.7373809814453,
                    -95.78997802734375
                ],
                [
                    106.25328063964844,
                    -172.67868041992188
                ],
                [
                    -169.43301391601562,
                    -174.14422607421875
                ],
                [
                    -104.06756591796875,
                    -170.04185485839844
                ],
                [
                    -31.12025260925293,
                    -169.57928466796875
                ],
                [
                    35.520423889160156,
                    -169.14883422851562
                ]
            ]
        }
    }
}