{
    "grid": {
        "cols": 15,
        "rows": 15,
        "border": true,
        "background": true,
        "line_color": [
            0.0,
            0.0,
            0.0,
            0.0
        ],
        "size": [
            555.952380952381,
            555.952380952381
        ],
        "click": true,
        "fit_screen": true
    },
    "debug": true,
    "dies": {
        "num": 1,
        "poses": [
            [
                -22.0,
                -24.0
            ]
        ],
        "color": [
            1,
            1,
            1,
            1
        ],
        "auto_size": false,
        "size": [
            45.00759878419453,
            45.00759878419453
        ],
        "rotation": 0,
        "draggable": true
    },
    "pieces": {
        "blue_piece_trans.png": {
            "num": 4,
            "poses": [
                [
                    -165.67144307887304,
                    -166.7948750813802
                ],
                [
                    -311.2099074343418,
                    -166.7948750813802
                ],
                [
                    -165.67144307887304,
                    -312.333339436849
                ],
                [
                    -311.2099074343418,
                    -312.333339436849
                ]
            ],
            "auto_size": false,
            "size": [
                40.26595744680852,
                40.26595744680852
            ],
            "rotation": 0,
            "color": [
                1,
                1,
                1,
                1
            ],
            "cells": [
                [
                    4,
                    4
                ],
                [
                    1,
                    4
                ],
                [
                    4,
                    1
                ],
                [
                    1,
                    1
                ]
            ],
            "player": "Player 2",
            "draggable": false
        },
        "green_piece_trans.png": {
            "num": 0,
            "poses": [
                [
                    49.713176061751994,
                    61.205128987630246
                ],
                [
                    119.55933084690832,
                    61.205128987630246
                ],
                [
                    49.713176061751994,
                    131.05128377278646
                ],
                [
                    119.55933084690832,
                    131.05128377278646
                ]
            ],
            "auto_size": false,
            "size": [
                40.26595744680852,
                40.26595744680852
            ],
            "rotation": 0,
            "color": [
                1,
                1,
                1,
                1
            ],
            "cells": [
                [
                    10,
                    10
                ],
                [
                    13,
                    10
                ],
                [
                    10,
                    13
                ],
                [
                    13,
                    13
                ]
            ],
            "player": "",
            "draggable": false
        },
        "red_piece_trans.png": {
            "num": 4,
            "poses": [
                [
                    -165.81961937066637,
                    124.28205362955725
                ],
                [
                    -165.81961937066637,
                    269.8205179850261
                ],
                [
                    -311.3580837261351,
                    124.28205362955725
                ],
                [
                    -311.3580837261351,
                    269.8205179850261
                ]
            ],
            "auto_size": false,
            "size": [
                40.56231003039514,
                40.56231003039514
            ],
            "rotation": 0,
            "color": [
                1,
                1,
                1,
                1
            ],
            "cells": [
                [
                    4,
                    10
                ],
                [
                    4,
                    13
                ],
                [
                    1,
                    10
                ],
                [
                    1,
                    13
                ]
            ],
            "player": "Player 3",
            "draggable": false
        },
        "yellow_piece_trans.png": {
            "num": 4,
            "poses": [
                [
                    270.79577369573997,
                    -312.333339436849
                ],
                [
                    125.25730934027115,
                    -312.333339436849
                ],
                [
                    270.79577369573997,
                    -166.7948750813802
                ],
                [
                    125.25730934027115,
                    -166.7948750813802
                ]
            ],
            "auto_size": false,
            "size": [
                40.56231003039514,
                40.56231003039514
            ],
            "rotation": 0,
            "color": [
                1,
                1,
                1,
                1
            ],
            "cells": [
                [
                    13,
                    1
                ],
                [
                    10,
                    1
                ],
                [
                    13,
                    4
                ],
                [
                    10,
                    4
                ]
            ],
            "player": "Player 1",
            "draggable": false
        }
    }
}