{
    "grid": {
        "cols": 15,
        "rows": 15,
        "border": true,
        "background": true,
        "line_color": [
            0.0,
            0.0,
            0.0,
            4.336734693877552
        ],
        "size": [
            349.23077392578125,
            349.23077392578125
        ],
        "click": true
    },
    "dies": [
        1,
        [
            [
                -26.0,
                -21.0
            ]
        ]
    ],
    "pieces": {
        "blue_piece_trans.png": {
            "num": 4,
            "poses": [
                [
                    -101.13297872340428,
                    -82.0
                ],
                [
                    -147.13297872340425,
                    -81.0
                ],
                [
                    -104.13297872340428,
                    -128.0
                ],
                [
                    -150.13297872340425,
                    -132.0
                ]
            ],
            "auto_size": false,
            "size": [
                40.26595744680852,
                40.26595744680852
            ],
            "rotation": 0,
            "color": [
                1,
                1,
                1,
                1
            ]
        },
        "green_piece_trans.png": {
            "num": 4,
            "poses": [
                [
                    57.867021276595665,
                    79.99999999999994
                ],
                [
                    105.86702127659572,
                    85.0
                ],
                [
                    59.86702127659578,
                    130.0
                ],
                [
                    103.86702127659572,
                    129.0
                ]
            ],
            "auto_size": false,
            "size": [
                40.26595744680852,
                40.26595744680852
            ],
            "rotation": 0,
            "color": [
                1,
                1,
                1,
                1
            ]
        },
        "red_piece_trans.png": {
            "num": 4,
            "poses": [
                [
                    -150.28115501519756,
                    128.00000000000006
                ],
                [
                    -104.28115501519756,
                    128.00000000000006
                ],
                [
                    -145.28115501519756,
                    82.0
                ],
                [
                    -106.28115501519756,
                    79.99999999999994
                ]
            ],
            "auto_size": false,
            "size": [
                40.56231003039514,
                40.56231003039514
            ],
            "rotation": 0.0,
            "color": [
                1,
                1,
                1,
                1
            ]
        },
        "yellow_piece_trans.png": {
            "num": 4,
            "poses": [
                [
                    101.71884498480244,
                    -124.00000000000003
                ],
                [
                    59.7188449848025,
                    -126.00000000000003
                ],
                [
                    105.71884498480244,
                    -80.0
                ],
                [
                    62.718844984802445,
                    -79.0
                ]
            ],
            "auto_size": false,
            "size": [
                40.56231003039514,
                40.56231003039514
            ],
            "rotation": 0.0,
            "color": [
                1,
                1,
                1,
                1
            ]
        }
    }
}