{
    "grid": {
        "cols": 10,
        "rows": 10,
        "border": true,
        "background": true,
        "line_color": [
            0.0,
            0.0,
            0.0,
            0.0
        ],
        "size": [
            349.23077392578125,
            349.23077392578125
        ],
        "click": false
    },
    "dies": [
        1,
        [
            [
                -26.0,
                -21.0
            ]
        ]
    ],
    "pieces": {
        "blue_piece_trans.png": {
            "num": 4,
            "poses": [
                [
                    -94.44689178466797,
                    -87.0
                ],
                [
                    -138.36996459960938,
                    -87.0
                ],
                [
                    -92.44689178466797,
                    -133.0
                ],
                [
                    -135.44688415527344,
                    -134.0
                ]
            ],
            "auto_size": true,
            "size": [
                80.0,
                80.0
            ],
            "rotation": 0,
            "color": [
                1,
                1,
                1,
                1
            ]
        },
        "green_piece_trans.png": {
            "num": 4,
            "poses": [
                [
                    65.55310821533203,
                    77.0
                ],
                [
                    113.55310821533203,
                    79.0
                ],
                [
                    65.55310821533203,
                    124.0
                ],
                [
                    116.55310821533203,
                    125.0
                ]
            ],
            "auto_size": true,
            "size": [
                80.0,
                80.0
            ],
            "rotation": 0,
            "color": [
                1,
                1,
                1,
                1
            ]
        },
        "red_piece_trans.png": {
            "num": 4,
            "poses": [
                [
                    -142.43223571777344,
                    122.0
                ],
                [
                    -96.44689178466797,
                    120.0
                ],
                [
                    -139.44688415527344,
                    75.0
                ],
                [
                    -93.73360443115234,
                    78.0
                ]
            ],
            "auto_size": true,
            "size": [
                80.0,
                80.0
            ],
            "rotation": 0,
            "color": [
                1,
                1,
                1,
                1
            ]
        },
        "yellow_piece_trans.png": {
            "num": 4,
            "poses": [
                [
                    109.55310821533203,
                    -130.0
                ],
                [
                    65.55310821533203,
                    -131.0
                ],
                [
                    113.55310821533203,
                    -85.0
                ],
                [
                    66.55310821533203,
                    -87.0
                ]
            ],
            "auto_size": true,
            "size": [
                80.0,
                80.0
            ],
            "rotation": 0,
            "color": [
                1,
                1,
                1,
                1
            ]
        }
    }
}