{
    "grid": {
        "cols": 8,
        "rows": 8,
        "border": true,
        "background": true,
        "line_color": [
            0.0,
            0.0,
            28.18877551020408,
            33.668831168831176
        ],
        "size": [
            350.0,
            350.0
        ]
    },
    "dies": [
        0,
        []
    ],
    "pieces": {
        "b_bishop_png_512px.png": {
            "num": 2,
            "poses": [
                [
                    -80.875,
                    -172.0
                ],
                [
                    52.125,
                    -171.0
                ]
            ]
        },
        "b_king_png_512px.png": {
            "num": 1,
            "poses": [
                [
                    8.25,
                    -172.0
                ]
            ]
        },
        "b_knight_png_512px.png": {
            "num": 2,
            "poses": [
                [
                    -127.875,
                    -173.0
                ],
                [
                    91.125,
                    -172.0
                ]
            ]
        },
        "b_pawn_png_512px.png": {
            "num": 8,
            "poses": [
                [
                    134.125,
                    -126.0
                ],
                [
                    94.125,
                    -128.0
                ],
                [
                    47.125,
                    -128.0
                ],
                [
                    5.125,
                    -127.0
                ],
                [
                    -37.875,
                    -126.0
                ],
                [
                    -80.875,
                    -127.0
                ],
                [
                    -125.875,
                    -127.0
                ],
                [
                    -169.875,
                    -128.0
                ]
            ]
        },
        "b_queen_png_512px.png": {
            "num": 1,
            "poses": [
                [
                    -37.625,
                    -172.0
                ]
            ]
        },
        "b_rook_png_512px.png": {
            "num": 2,
            "poses": [
                [
                    139.375,
                    -171.0
                ],
                [
                    -169.625,
                    -172.0
                ]
            ]
        },
        "w_bishop_png_512px.png": {
            "num": 2,
            "poses": [
                [
                    -77.75,
                    135.0
                ],
                [
                    49.25,
                    133.0
                ]
            ]
        },
        "w_king_png_512px.png": {
            "num": 1,
            "poses": [
                [
                    -35.875,
                    135.0
                ]
            ]
        },
        "w_knight_png_512px.png": {
            "num": 2,
            "poses": [
                [
                    91.125,
                    135.0
                ],
                [
                    -127.875,
                    134.0
                ]
            ]
        },
        "w_pawn_png_512px.png": {
            "num": 8,
            "poses": [
                [
                    -167.875,
                    92.0
                ],
                [
                    -126.875,
                    90.0
                ],
                [
                    -81.875,
                    91.0
                ],
                [
                    138.125,
                    91.0
                ],
                [
                    93.125,
                    91.0
                ],
                [
                    50.125,
                    91.0
                ],
                [
                    -35.875,
                    91.0
                ],
                [
                    7.125,
                    92.0
                ]
            ]
        },
        "w_queen_png_512px.png": {
            "num": 1,
            "poses": [
                [
                    6.125,
                    131.0
                ]
            ]
        },
        "w_rook_png_512px.png": {
            "num": 2,
            "poses": [
                [
                    -168.875,
                    133.0
                ],
                [
                    136.125,
                    136.0
                ]
            ]
        }
    }
}